{
    "prompt": "scifi_chair",
    "clip_sim": 0.26171875,
    "clip_dir": 0.09577357769012451
}